<?xml version="1.0"?>
<GUI>
	<ColorThemes default="FMPGUI">
		<FMPGUI>
			<Window default="Norm">
				<State string="Norm">
					<Color string="Title" r="255" g="255" b="255" a="255"/>

					<Color string="BodyInner" r="5" g="46" b="74" a="255"/>
					<Color string="BodyBorder" r="120" g="224" b="255" a="255"/>

					<Texture string="Titlebar" path="HorizontalBar_Norm.bmp"/>
				</State>
				<State string="Minimized">
					<Texture string="Titlebar" path="HorizontalBar_Pressed.bmp"/>
				</State>
				<State string="Dragging">
					<Texture string="Titlebar" path="HorizontalBar_MouseOver.bmp"/>
				</State>
			</Window>
			<CloseButton default="Norm">
				<State string="Norm">
					<Texture string="Button" path="CloseButton_Norm.png"/>
				</State>
				<State string="MouseOver">
					<Texture string="Button" path="CloseButton_MouseOver.png"/>
				</State>
				<State string="Disabled">
					<Texture string="Button" path="CloseButton_MouseOver.png"/>
				</State>
			</CloseButton>
			<Button default="Norm">
				<State string="Norm">
					<Color string="String" r="171" g="255" b="255" a="255"/>
					<Texture string="Button" path="HorizontalBar_Norm.bmp"/>
				</State>
				<State string="MouseOver">
					<Color string="String" r="255" g="255" b="255" a="255"/>
					<Texture string="Button" path="HorizontalBar_MouseOver.bmp"/>
				</State>
				<State string="Pressed">
					<Texture string="Button" path="HorizontalBar_Pressed.bmp"/>
				</State>
			</Button>
			<ProgressBar default="Norm">
				<State string="Norm">
					<Color string="Inner" r="19" g="80" b="117" a="255"/>
					<Color string="Border" r="171" g="255" b="255" a="255"/>
					<Color string="String" r="255" g="255" b="255" a="255"/>
					
					<Texture string="ProgressBar" path="Progress_Norm.bmp"/>
				</State>
			</ProgressBar>
			<EditBox default="Norm">
				<State string="Norm">
					<Color string="Inner" r="19" g="80" b="117" a="200"/>
					<Color string="Border" r="171" g="255" b="255" a="255"/>
					<Color string="String" r="255" g="255" b="255" a="255"/>
					<Color string="Cursor" r="171" g="255" b="255" a="255"/>
				</State>
			</EditBox>
			<DropDown default="Norm">
				<State string="Norm">
					<Color string="Inner" r="19" g="80" b="117" a="255"/>
					<Color string="Border" r="171" g="255" b="255" a="255"/>
					<Color string="String" r="171" g="255" b="255" a="255"/>

					<Color string="SelectedInner" r="171" g="255" b="255" a="255"/>
					<Color string="SelectedString" r="19" g="80" b="117" a="255"/>

					<Texture string="Button" path="DownArrow_Norm.bmp"/>
				</State>
				<State string="MouseOver">
					<Texture string="Button" path="DownArrow_MouseOver.bmp"/>
				</State>
				<State string="Pressed">
					<Texture string="Button" path="DownArrow_Pressed.bmp"/>
				</State>
			</DropDown>
			<HorizontalSliderBar default="Norm">
				<State string="Norm">
					<Color string="Lines" r="171" g="255" b="255" a="255"/>
					<Color string="String" r="171" g="255" b="255" a="255"/>

					<Texture string="Slider" path="HSlider_Norm.bmp"/>
				</State>
				<State string="MouseOver">
					<Color string="String" r="255" g="255" b="255" a="255"/>
					<Texture string="Slider" path="HSlider_MouseOver.bmp"/>
				</State>
				<State string="Pressed">
					<Texture string="Slider" path="HSlider_Pressed.bmp"/>
				</State>
			</HorizontalSliderBar>
			<VerticalSliderBar default="Norm">
				<State string="Norm">
					<Color string="Lines" r="171" g="255" b="255" a="255"/>
					<Color string="String" r="171" g="255" b="255" a="255"/>

					<Texture string="Slider" path="VSlider_Norm.bmp"/>
				</State>
				<State string="MouseOver">
					<Color string="String" r="255" g="255" b="255" a="255"/>
					<Texture string="Slider" path="VSlider_MouseOver.bmp"/>
				</State>
				<State string="Pressed">
					<Texture string="Slider" path="VSlider_Pressed.bmp"/>
				</State>
			</VerticalSliderBar>
			<CheckBox default="Norm">
				<State string="Norm">
					<Color string="Inner" r="19" g="80" b="117" a="255"/>
					<Color string="Border" r="171" g="255" b="255" a="255"/>
					<Color string="String" r="171" g="255" b="255" a="255"/>

					<Color string="Cross" r="171" g="255" b="255" a="255"/>
				</State>
				<State string="MouseOver">
					<Color string="String" r="255" g="255" b="255" a="255"/>
				</State>
			</CheckBox>
			<Text default="Norm">
				<State string="Norm">
					<Color string="String" r="171" g="255" b="255" a="255"/>
				</State>
				<State string="MouseOver">
					<Color string="String" r="255" g="255" b="255" a="255"/>
				</State>
			</Text>
			<TextBox default="Norm">
				<State string="Norm">
					<Color string="String" r="171" g="255" b="255" a="255"/>
					<Color string="Inner" r="19" g="80" b="117" a="255"/>
					<Color string="Border" r="171" g="255" b="255" a="255"/>

					<Texture string="UpArrow" path="UpArrow_Norm.bmp"/>
					<Texture string="DownArrow" path="DownArrow_Norm.bmp"/>
					<Texture string="Slider" path="VSlider_Norm.bmp"/>
				</State>
				<State string="MouseOver">
					<Texture string="UpArrow" path="UpArrow_MouseOver.bmp"/>
					<Texture string="DownArrow" path="DownArrow_MouseOver.bmp"/>
				</State>
				<State string="Pressed">
					<Texture string="UpArrow" path="UpArrow_Pressed.bmp"/>
					<Texture string="DownArrow" path="DownArrow_Pressed.bmp"/>
				</State>
			</TextBox>
			<ListBox default="Norm">
				<State string="Norm">
					<Color string="String" r="171" g="255" b="255" a="255"/>
					<Color string="Inner" r="19" g="80" b="117" a="200"/>
					<Color string="Border" r="171" g="255" b="255" a="255"/>

					<Color string="MouseOverString" r="255" g="255" b="255" a="255"/>
				</State>
			</ListBox>
			<HelperSlider default="Norm">
				<State string="Norm">
					<Color string="Inner" r="19" g="80" b="117" a="255"/>
					<Color string="Border" r="171" g="255" b="255" a="255"/>

					<Texture string="UpArrow" path="UpArrow_Norm.bmp"/>
					<Texture string="DownArrow" path="DownArrow_Norm.bmp"/>
					<Texture string="Slider" path="VSlider_Norm.bmp"/>
				</State>
				<State string="MouseOver">
					<Texture string="UpArrow" path="UpArrow_MouseOver.bmp"/>
					<Texture string="DownArrow" path="DownArrow_MouseOver.bmp"/>
				</State>
				<State string="Pressed">
					<Texture string="UpArrow" path="UpArrow_Pressed.bmp"/>
					<Texture string="DownArrow" path="DownArrow_Pressed.bmp"/>
				</State>
			</HelperSlider>
		</FMPGUI>
	</ColorThemes>
</GUI>