<?xml version="1.0"?>
<GUI>
	<Under parent="SERVER_BROWSER">
		<Element name="TAB_INTERNET">
			<Base string="style" value="ButtonTab"/>
		</Element>
		<Element name="TAB_LAN">
			<Base string="style" value="ButtonTab"/>
		</Element>
		<Element name="TAB_VIP">
			<Base string="style" value="ButtonTab"/>
		</Element>
		<Element name="TAB_FAVOURITE">
			<Base string="style" value="ButtonTab"/>
		</Element>
		
		<Image src="FMPGUI/in_bg.png" x="0" y="32" width="750" height="29" r="255" g="255" b="255" a="255"/>
		<Image src="FMPGUI/in_razd.png" x="18" y="32" width="49" height="29" r="255" g="255" b="255" a="255"/>
		<Image src="FMPGUI/in_razd.png" x="168" y="32" width="49" height="29" r="255" g="255" b="255" a="255"/>
		<Image src="FMPGUI/in_razd.png" x="318" y="32" width="49" height="29" r="255" g="255" b="255" a="255"/>
		<Image src="FMPGUI/in_razd.png" x="468" y="32" width="49" height="29" r="255" g="255" b="255" a="255"/>
		<Image src="FMPGUI/in_razd.png" x="618" y="32" width="49" height="29" r="255" g="255" b="255" a="255"/>
		<Box x="546" y="62" width="204" height="20">
			<Color string="Inner" r="64" g="64" b="62" a="255"/>
			<Color string="Border" r="0" g="0" b="0" a="255"/>
		</Box>
		<Text x="610" y="32" width="100" string="Server Info:" name="STR_SERVER_INFO"/>
		<Box x="546" y="280" width="204" height="20">
			<Color string="Inner" r="64" g="64" b="62" a="255"/>
			<Color string="Border" r="0" g="0" b="0" a="255"/>
		</Box>
		<Text x="610" y="250" width="100" string="Server Manager" name="STR_SERVER_MAN"/>
		<Box x="0" y="370" width="80" height="100">
			<Color string="Inner" r="64" g="64" b="62" a="255"/>
			<Color string="Border" r="0" g="0" b="0" a="255"/>
		</Box>
		<Text x="10" y="400" width="80" string="Filters" name="STR_FILTER"/>
		<Text x="100" y="385" width="80" string="Ping" name="STR_FILTER_PING"/>
		<Text x="100" y="410" width="80" string="Not full" name="STR_FILTER_NOTFULL"/>
		<Text x="250" y="385" width="80" string="Location" name="STR_FILTER_LOC"/>
		<Text x="250" y="410" width="80" string="Mode" name="STR_FILTER_MODE"/>
		<Text x="400" y="385" width="80" string="Not empty" name="STR_FILTER_NOTEMPTY"/>
		<Text x="400" y="410" width="80" string="No password" name="STR_FILTER_NOPASS"/>	
		<Line sx="546" sy="62" ex="546" ey="480" size="1" r="0" g="0" b="0" a="255"/>
		<Image src="FMPGUI/in_bg.png" x="0" y="470" width="750" height="31" r="255" g="255" b="255" a="255"/>
	</Under>
</GUI>